章编号,章名称,节编码,节名称,三位码,三位名称,别名
第2章,肿瘤,C00-C14,唇、口腔和咽恶性肿瘤,C00,唇恶性肿瘤,唇癌
第2章,肿瘤,C00-C14,唇、口腔和咽恶性肿瘤,C01,舌根恶性肿瘤,舌根癌
第2章,肿瘤,C00-C14,唇、口腔和咽恶性肿瘤,C02,舌其他和未特指部位的恶性肿瘤,舌癌
第2章,肿瘤,C00-C14,唇、口腔和咽恶性肿瘤,C03,牙龈恶性肿瘤,牙龈癌
第2章,肿瘤,C00-C14,唇、口腔和咽恶性肿瘤,C04,口底恶性肿瘤,口底癌
第2章,肿瘤,C00-C14,唇、口腔和咽恶性肿瘤,C05,腭恶性肿瘤,腭癌
第2章,肿瘤,C00-C14,唇、口腔和咽恶性肿瘤,C06,口其他和未特指部位的恶性肿瘤,"口腔癌,OC"
第2章,肿瘤,C00-C14,唇、口腔和咽恶性肿瘤,C07,腮腺恶性肿瘤,腮腺癌
第2章,肿瘤,C00-C14,唇、口腔和咽恶性肿瘤,C08,大涎腺其他和未特指的恶性肿瘤,涎腺癌
第2章,肿瘤,C00-C14,唇、口腔和咽恶性肿瘤,C09,扁桃体恶性肿瘤,扁桃体癌
第2章,肿瘤,C00-C14,唇、口腔和咽恶性肿瘤,C10,口咽恶性肿瘤,"口咽癌,OPC"
第2章,肿瘤,C00-C14,唇、口腔和咽恶性肿瘤,C11,鼻咽恶性肿瘤,"鼻咽癌,NPC"
第2章,肿瘤,C00-C14,唇、口腔和咽恶性肿瘤,C12,梨状窦恶性肿瘤,梨状窦癌
第2章,肿瘤,C00-C14,唇、口腔和咽恶性肿瘤,C13,咽下部恶性肿瘤,"下咽癌,HPC"
第2章,肿瘤,C00-C14,唇、口腔和咽恶性肿瘤,C14,唇、口腔和咽其他和部位不明的恶性肿瘤,口腔咽喉癌
第2章,肿瘤,C15-C26,消化器官恶性肿瘤,C15,食管恶性肿瘤,"食管癌,EC"
第2章,肿瘤,C15-C26,消化器官恶性肿瘤,C16,胃恶性肿瘤,"胃癌,GC"
第2章,肿瘤,C15-C26,消化器官恶性肿瘤,C17,小肠恶性肿瘤,"小肠癌,SBC"
第2章,肿瘤,C15-C26,消化器官恶性肿瘤,C18,结肠恶性肿瘤,"结肠癌,CC"
第2章,肿瘤,C15-C26,消化器官恶性肿瘤,C19,直肠乙状结肠连接处恶性肿瘤,直肠乙状结肠癌
第2章,肿瘤,C15-C26,消化器官恶性肿瘤,C20,直肠恶性肿瘤,"直肠癌,RC"
第2章,肿瘤,C15-C26,消化器官恶性肿瘤,C21,肛门和肛管的恶性肿瘤,"肛门癌,肛管癌,AC"
第2章,肿瘤,C15-C26,消化器官恶性肿瘤,C22,肝和肝内胆管恶性肿瘤,"肝癌,肝内胆管癌,HCC,ICC"
第2章,肿瘤,C15-C26,消化器官恶性肿瘤,C23,胆囊恶性肿瘤,"胆囊癌,GBC"
第2章,肿瘤,C15-C26,消化器官恶性肿瘤,C24,胆道其他和未特指部位的恶性肿瘤,"胆道癌,胆管癌,BTC"
第2章,肿瘤,C15-C26,消化器官恶性肿瘤,C25,胰恶性肿瘤,"胰腺癌,PC"
第2章,肿瘤,C15-C26,消化器官恶性肿瘤,C26,消化器官其他和不明确的恶性肿瘤,消化系统癌
第2章,肿瘤,C30-C39,呼吸和胸腔内器官恶性肿瘤,C30,鼻腔和中耳恶性肿瘤,"鼻腔癌,中耳癌"
第2章,肿瘤,C30-C39,呼吸和胸腔内器官恶性肿瘤,C31,副鼻窦恶性肿瘤,鼻窦癌
第2章,肿瘤,C30-C39,呼吸和胸腔内器官恶性肿瘤,C32,喉恶性肿瘤,"喉癌,LC"
第2章,肿瘤,C30-C39,呼吸和胸腔内器官恶性肿瘤,C33,气管恶性肿瘤,"气管癌,TC"
第2章,肿瘤,C30-C39,呼吸和胸腔内器官恶性肿瘤,C34,支气管和肺恶性肿瘤,"肺癌,支气管癌,LC"
第2章,肿瘤,C30-C39,呼吸和胸腔内器官恶性肿瘤,C37,胸腺恶性肿瘤,"胸腺癌,TC"
第2章,肿瘤,C30-C39,呼吸和胸腔内器官恶性肿瘤,C38,心脏、纵隔和胸膜恶性肿瘤,"心脏癌,纵隔癌,胸膜癌"
第2章,肿瘤,C30-C39,呼吸和胸腔内器官恶性肿瘤,C39,呼吸系统和胸腔内器官其他和不明确部位的恶性肿瘤,呼吸系统癌
第2章,肿瘤,C40-C41,骨和关节软骨恶性肿瘤,C40,四肢骨和关节软骨恶性肿瘤,四肢骨癌
第2章,肿瘤,C40-C41,骨和关节软骨恶性肿瘤,C41,骨和关节软骨其他和未特指部位的恶性肿瘤,"骨癌,BC"
第2章,肿瘤,C43-C44,皮肤黑色素瘤和其他恶性肿瘤,C43,皮肤恶性黑色素瘤,"黑色素瘤,恶性黑色素瘤,MM"
第2章,肿瘤,C43-C44,皮肤黑色素瘤和其他恶性肿瘤,C44,皮肤其他恶性肿瘤,"皮肤癌,NMSC"
第2章,肿瘤,C45-C49,间皮组织和软组织恶性肿瘤,C45,间皮瘤,"间皮瘤,MPM"
第2章,肿瘤,C45-C49,间皮组织和软组织恶性肿瘤,C46,卡波西肉瘤,"卡波西肉瘤,KS"
第2章,肿瘤,C45-C49,间皮组织和软组织恶性肿瘤,C47,周围神经和自主神经系统恶性肿瘤,"周围神经恶性肿瘤,自主神经恶性肿瘤"
第2章,肿瘤,C45-C49,间皮组织和软组织恶性肿瘤,C48,腹膜后腔和腹膜恶性肿瘤,"腹膜后肿瘤,腹膜癌"
第2章,肿瘤,C45-C49,间皮组织和软组织恶性肿瘤,C49,其他结缔组织和软组织恶性肿瘤,"软组织肉瘤,STS"
第2章,肿瘤,C50-C50,乳房恶性肿瘤,C50,乳房恶性肿瘤,"乳腺癌,乳癌,乳房癌,BC"
第2章,肿瘤,C51-C58,女性生殖器官恶性肿瘤,C51,外阴恶性肿瘤,"外阴癌,VC"
第2章,肿瘤,C51-C58,女性生殖器官恶性肿瘤,C52,阴道恶性肿瘤,阴道癌
第2章,肿瘤,C51-C58,女性生殖器官恶性肿瘤,C53,宫颈恶性肿瘤,"宫颈癌,CC"
第2章,肿瘤,C51-C58,女性生殖器官恶性肿瘤,C54,子宫体恶性肿瘤,"子宫体癌,子宫内膜癌,EC"
第2章,肿瘤,C51-C58,女性生殖器官恶性肿瘤,C55,子宫部位未特指的恶性肿瘤,"子宫癌,UC"
第2章,肿瘤,C51-C58,女性生殖器官恶性肿瘤,C56,卵巢恶性肿瘤,"卵巢癌,OC"
第2章,肿瘤,C51-C58,女性生殖器官恶性肿瘤,C57,女性生殖器官其他和未特指的恶性肿瘤,
第2章,肿瘤,C51-C58,女性生殖器官恶性肿瘤,C58,胎盘恶性肿瘤,"绒毛膜癌,绒癌"
第2章,肿瘤,C60-C63,男性生殖器官恶性肿瘤,C60,阴茎恶性肿瘤,"阴茎癌,PEC"
第2章,肿瘤,C60-C63,男性生殖器官恶性肿瘤,C61,前列腺恶性肿瘤,"前列腺癌,前列腺Ca,PCa,PC"
第2章,肿瘤,C60-C63,男性生殖器官恶性肿瘤,C62,睾丸恶性肿瘤,"睾丸癌,TC"
第2章,肿瘤,C60-C63,男性生殖器官恶性肿瘤,C63,男性生殖器官其他和未特指的恶性肿瘤,
第2章,肿瘤,C64-C68,泌尿道恶性肿瘤,C64,肾(除外肾盂)恶性肿瘤,"肾癌,肾细胞癌,RCC"
第2章,肿瘤,C64-C68,泌尿道恶性肿瘤,C65,肾盂恶性肿瘤,"肾盂癌,RPC"
第2章,肿瘤,C64-C68,泌尿道恶性肿瘤,C66,输尿管恶性肿瘤,"输尿管癌,UTC,UC"
第2章,肿瘤,C64-C68,泌尿道恶性肿瘤,C67,膀胱恶性肿瘤,"膀胱癌,BC,UC"
第2章,肿瘤,C64-C68,泌尿道恶性肿瘤,C68,泌尿器官其他和未特指的恶性肿瘤,
第2章,肿瘤,C69-C72,眼、脑和中枢神经系统其他部位的恶性肿瘤,C69,眼和附器恶性肿瘤,"眼癌,眼肿瘤"
第2章,肿瘤,C69-C72,眼、脑和中枢神经系统其他部位的恶性肿瘤,C70,脑脊膜恶性肿瘤,"脑膜癌,脑脊膜癌"
第2章,肿瘤,C69-C72,眼、脑和中枢神经系统其他部位的恶性肿瘤,C71,脑恶性肿瘤,"脑癌,脑肿瘤,GBM"
第2章,肿瘤,C69-C72,眼、脑和中枢神经系统其他部位的恶性肿瘤,C72,脊髓、脑神经和中枢神经系统其他部位的恶性肿瘤,"中枢神经系统肿瘤,CNS肿瘤"
第2章,肿瘤,C73-C75,甲状腺和其他内分泌腺恶性肿瘤,C73,甲状腺恶性肿瘤,"甲状腺癌,TC,甲状腺Ca"
第2章,肿瘤,C73-C75,甲状腺和其他内分泌腺恶性肿瘤,C74,肾上腺恶性肿瘤,"肾上腺癌,ACC"
第2章,肿瘤,C73-C75,甲状腺和其他内分泌腺恶性肿瘤,C75,其他内分泌腺和有关结构的恶性肿瘤,
第2章,肿瘤,C76-C80,不明确、继发和未特指部位的恶性肿瘤,C76,其他和不明确部位的恶性肿瘤,
第2章,肿瘤,C76-C80,不明确、继发和未特指部位的恶性肿瘤,C77,淋巴结继发性和未特指的恶性肿瘤,淋巴结转移癌
第2章,肿瘤,C76-C80,不明确、继发和未特指部位的恶性肿瘤,C78,呼吸和消化器官的继发性恶性肿瘤,呼吸消化转移癌
第2章,肿瘤,C76-C80,不明确、继发和未特指部位的恶性肿瘤,C79,其他和未特指部位的继发性恶性肿瘤,
第2章,肿瘤,C76-C80,不明确、继发和未特指部位的恶性肿瘤,C80,部位未特指的恶性肿瘤,"恶性肿瘤,癌,CA"
第2章,肿瘤,C81-C96,淋巴、造血和有关组织的恶性肿瘤或假定为原发性的恶性肿瘤,C81,霍奇金[何杰金]淋巴瘤,"霍奇金淋巴瘤,何杰金淋巴瘤,HL"
第2章,肿瘤,C81-C96,淋巴、造血和有关组织的恶性肿瘤或假定为原发性的恶性肿瘤,C82,滤泡性淋巴瘤,"滤泡淋巴瘤,FL"
第2章,肿瘤,C81-C96,淋巴、造血和有关组织的恶性肿瘤或假定为原发性的恶性肿瘤,C83,非滤泡性淋巴瘤,非滤泡淋巴瘤
第2章,肿瘤,C81-C96,淋巴、造血和有关组织的恶性肿瘤或假定为原发性的恶性肿瘤,C84,成熟T/NK细胞淋巴瘤,"T/NK细胞淋巴瘤,T细胞淋巴瘤,NK细胞淋巴瘤"
第2章,肿瘤,C81-C96,淋巴、造血和有关组织的恶性肿瘤或假定为原发性的恶性肿瘤,C85,非霍奇金淋巴瘤的其他和未特指类型,"非霍奇金淋巴瘤,NHL"
第2章,肿瘤,C81-C96,淋巴、造血和有关组织的恶性肿瘤或假定为原发性的恶性肿瘤,C86,其他特指类型T/NK细胞淋巴瘤,"T/NK淋巴瘤,外周T细胞淋巴瘤,PTCL"
第2章,肿瘤,C81-C96,淋巴、造血和有关组织的恶性肿瘤或假定为原发性的恶性肿瘤,C88,恶性免疫增生性疾病,
第2章,肿瘤,C81-C96,淋巴、造血和有关组织的恶性肿瘤或假定为原发性的恶性肿瘤,C90,多发性骨髓瘤和恶性浆细胞肿瘤,"多发性骨髓瘤,MM,浆细胞瘤"
第2章,肿瘤,C81-C96,淋巴、造血和有关组织的恶性肿瘤或假定为原发性的恶性肿瘤,C91,淋巴样白血病,"淋巴细胞白血病,LL,ALL,CLL"
第2章,肿瘤,C81-C96,淋巴、造血和有关组织的恶性肿瘤或假定为原发性的恶性肿瘤,C92,髓样白血病,"髓系白血病,ML,AML,CML"
第2章,肿瘤,C81-C96,淋巴、造血和有关组织的恶性肿瘤或假定为原发性的恶性肿瘤,C93,单核细胞白血病,"单核细胞白血病,AML-M5"
第2章,肿瘤,C81-C96,淋巴、造血和有关组织的恶性肿瘤或假定为原发性的恶性肿瘤,C94,特指细胞类型的其他白血病,特指类型白血病
第2章,肿瘤,C81-C96,淋巴、造血和有关组织的恶性肿瘤或假定为原发性的恶性肿瘤,C95,未特指细胞类型的白血病,"白血病,L"
第2章,肿瘤,C81-C96,淋巴、造血和有关组织的恶性肿瘤或假定为原发性的恶性肿瘤,C96,淋巴、造血和有关组织其他和未特指的恶性肿瘤,
第2章,肿瘤,C97-C97,独立(原发)多个部位的恶性肿瘤,C97,独立(原发)多个部位的恶性肿瘤,多原发癌
